{
  "theta0": 8499.472555386124,
  "theta1": -0.02144775488704032
}
